{"cameraMode":{"drawMode":0,"name":"Shaded","section":"Shading Mode"},"sceneLighting":false,"audioPlay":false,"sceneViewState":{"m_AlwaysRefresh":false,"showFog":true,"showSkybox":false,"showFlares":true,"showImageEffects":true,"showParticleSystems":true,"showVisualEffectGraphs":true,"m_FxEnabled":true},"in2DMode":false,"pivot":{"x":567.887939453125,"y":560.1114501953125,"z":1263.9290771484375},"rotation":{"x":0.006001969799399376,"y":-0.018889330327510835,"z":0.0001446675742045045,"w":-0.9998694658279419},"size":1101.45361328125,"orthographic":false}