{"cameraMode":{"drawMode":0,"name":"Shaded","section":"Shading Mode"},"sceneLighting":true,"audioPlay":false,"sceneViewState":{"m_AlwaysRefresh":false,"showFog":true,"showSkybox":false,"showFlares":true,"showImageEffects":true,"showParticleSystems":true,"showVisualEffectGraphs":true,"m_FxEnabled":true},"in2DMode":false,"pivot":{"x":-60.644840240478519,"y":0.4970216751098633,"z":-57.995384216308597},"rotation":{"x":0.07935113459825516,"y":-0.5932442545890808,"z":-0.05892679840326309,"w":-0.7989460229873657},"size":0.7718911170959473,"orthographic":false}