{"cameraMode":{"drawMode":0,"name":"Shaded","section":"Shading Mode"},"sceneLighting":false,"audioPlay":false,"sceneViewState":{"m_AlwaysRefresh":false,"showFog":true,"showSkybox":false,"showFlares":true,"showImageEffects":true,"showParticleSystems":true,"showVisualEffectGraphs":true,"m_FxEnabled":true},"in2DMode":false,"pivot":{"x":-113.8084487915039,"y":-52.487152099609378,"z":54.196163177490237},"rotation":{"x":-0.07926777750253678,"y":-0.9185500144958496,"z":0.24101577699184419,"w":-0.30336642265319826},"size":2.1331701278686525,"orthographic":false}