{"cameraMode":{"drawMode":0,"name":"Shaded","section":"Shading Mode"},"sceneLighting":true,"audioPlay":false,"sceneViewState":{"m_AlwaysRefresh":false,"showFog":true,"showSkybox":false,"showFlares":true,"showImageEffects":true,"showParticleSystems":true,"showVisualEffectGraphs":true,"m_FxEnabled":true},"in2DMode":false,"pivot":{"x":-32.66904830932617,"y":0.30764663219451907,"z":-56.183719635009769},"rotation":{"x":-0.010758575983345509,"y":0.9063218832015991,"z":-0.02311585657298565,"w":-0.42181965708732607},"size":0.2533426880836487,"orthographic":false}