{"cameraMode":{"drawMode":0,"name":"Shaded","section":"Shading Mode"},"sceneLighting":true,"audioPlay":false,"sceneViewState":{"m_AlwaysRefresh":false,"showFog":true,"showSkybox":false,"showFlares":true,"showImageEffects":true,"showParticleSystems":true,"showVisualEffectGraphs":true,"m_FxEnabled":true},"in2DMode":false,"pivot":{"x":-37.17462158203125,"y":29.3799991607666,"z":-25.170000076293947},"rotation":{"x":-0.0006664332468062639,"y":0.9941667914390564,"z":-0.005965075921267271,"w":-0.10811315476894379},"size":0.8660253882408142,"orthographic":false}