{"cameraMode":{"drawMode":0,"name":"Shaded","section":"Shading Mode"},"sceneLighting":true,"audioPlay":false,"sceneViewState":{"m_AlwaysRefresh":false,"showFog":true,"showSkybox":false,"showFlares":true,"showImageEffects":true,"showParticleSystems":true,"showVisualEffectGraphs":true,"m_FxEnabled":true},"in2DMode":false,"pivot":{"x":-89.43807220458985,"y":26.505834579467775,"z":-68.86705780029297},"rotation":{"x":0.005626944359391928,"y":-0.973147988319397,"z":0.22888347506523133,"w":0.023937830701470376},"size":0.2542487680912018,"orthographic":false}