{"cameraMode":{"drawMode":0,"name":"Shaded","section":"Shading Mode"},"sceneLighting":true,"audioPlay":false,"sceneViewState":{"m_AlwaysRefresh":false,"showFog":true,"showSkybox":false,"showFlares":true,"showImageEffects":true,"showParticleSystems":true,"showVisualEffectGraphs":true,"m_FxEnabled":true},"in2DMode":false,"pivot":{"x":-36.83062744140625,"y":0.19926290214061738,"z":-59.6531867980957},"rotation":{"x":-0.0232317466288805,"y":0.26235416531562807,"z":0.0060242656618356709,"w":0.9647667407989502},"size":0.28713756799697878,"orthographic":false}